variable,condition,shapiro_wilk_statistic,shapiro_wilk_p,normality_violated,transformation_applied,transformation_type,mauchly_statistic,mauchly_p,sphericity_violated,greenhouse_geisser_epsilon
accuracy,0,0.9014143068858207,3.238219559316352e-11,True,True,arcsine,0.16425515276130812,1.0,False,1.0
accuracy,50,0.9390006136467103,2.988168527204566e-08,True,True,arcsine,0.16425515276130812,1.0,False,1.0
accuracy,100,0.9636841354004981,1.2359165278482223e-05,True,True,arcsine,0.16425515276130812,1.0,False,1.0
accuracy,150,0.9785686015402575,0.0013729768291290325,True,True,arcsine,0.16425515276130812,1.0,False,1.0
rt,0,0.9566629053226916,1.854304896532006e-06,True,True,log,0.012838987486910345,1.0,False,1.0
rt,50,0.9698094208649474,7.557916141783385e-05,True,True,log,0.012838987486910345,1.0,False,1.0
rt,100,0.9892386905593922,0.0810651951359181,False,False,none,0.012838987486910345,1.0,False,1.0
rt,150,0.9824203134737194,0.005612729759938044,True,False,none,0.012838987486910345,1.0,False,1.0
