condition,set_size,delay,mean_d_prime,sd_d_prime,se_d_prime,ci_lower,ci_upper,n
SS5_D3,5,3,1.0488363044215392,0.23552279960207897,0.016737876531080706,1.016030066420621,1.0816425424224574,198
SS5_D1,5,1,1.1073896551124642,0.2436258870518991,0.01731373788074531,1.0734547288662035,1.141324581358725,198
SS3_D3,3,3,1.3364947767656226,0.22370916013115485,0.01589831773175806,1.3053340740113768,1.3676554795198683,198
SS3_D1,3,1,1.3764474478068442,0.2163169674469251,0.0153729774731859,1.3463164119594,1.4065784836542885,198
