scale_name,cronbachs_alpha,n_items,n_participants
total_scale,0.9512102833317573,32,375
familiar_person,0.7762603058144251,4,375
sunrise,0.7769337405937113,4,375
shop_front,0.8154015684927585,4,375
countryside,0.8383987584266936,4,375
driving,0.84203914210344,4,375
beach,0.7812764208501115,4,375
railway_station,0.878521364458658,4,375
garden,0.8539215131806325,4,375
